{"cameraMode":{"drawMode":0,"name":"Shaded","section":"Shading Mode"},"sceneLighting":true,"audioPlay":false,"sceneViewState":{"showFog":true,"showMaterialUpdate":false,"showSkybox":true,"showFlares":true,"showImageEffects":true,"showParticleSystems":true,"showVisualEffectGraphs":true,"m_FxEnabled":true},"in2DMode":false,"pivot":{"x":5.570435523986816,"y":-0.9409209489822388,"z":-8.985175132751465},"rotation":{"x":0.06996210664510727,"y":-0.11614847928285599,"z":0.008202978409826756,"w":0.9907264113426209},"size":5.9736456871032719,"orthographic":false}